reg_no,name,status,marks,focus
113320106001,Ananya Venkatesh,Present,9.45,96
113320106002,Nisha Balakrishnan,Present,8.80,91
113320106003,Gowtham Rajan,Present,8.25,87
113320106004,Shreya Sundar,Present,9.10,94
113320106005,Manoj Kumar,Absent,7.40,55
113320106006,Pavithra S.,Present,8.95,92
113320106007,Srinivasan K.,Present,8.60,89
113320106008,Deepak Chandran,Present,8.15,83
113320106009,Kavya Murthy,Present,9.30,95
113320106010,Vigneshwaran P.,Absent,7.10,50
113320106011,Lavanya Ramesh,Present,8.75,88
113320106012,Ashwin Sundaram,Present,8.40,86
